Sample,Pool,i7_Name,i5_Name,i7 Bases in Adapter,i5 Bases in Adapter
H12,HPL_APR2022,N716,S502,TAGCGAGT,CTCTCTAT
H15,HPL_APR2022,N716,S503,TAGCGAGT,TATCCTCT
H31,HPL_APR2022,N716,S505,TAGCGAGT,GTAAGGAG
H34,HPL_APR2022,N716,S506,TAGCGAGT,ACTGCATA
H35,HPL_APR2022,N716,S507,TAGCGAGT,AAGGAGTA
H40,HPL_APR2022,N716,S508,TAGCGAGT,CTAAGCCT
H41,HPL_APR2022,N716,S510,TAGCGAGT,CGTCTAAT
H46,HPL_APR2022,N716,S511,TAGCGAGT,TCTCTCCG
H48,HPL_APR2022,N718,S502,GTAGCTCC,CTCTCTAT
H57,HPL_APR2022,N718,S503,GTAGCTCC,TATCCTCT
H58,HPL_APR2022,N718,S505,GTAGCTCC,GTAAGGAG
H63,HPL_APR2022,N718,S506,GTAGCTCC,ACTGCATA
H66,HPL_APR2022,N718,S507,GTAGCTCC,AAGGAGTA
H83,HPL_APR2022,N718,S508,GTAGCTCC,CTAAGCCT
H91,HPL_APR2022,N718,S510,GTAGCTCC,CGTCTAAT
H94,HPL_APR2022,N718,S511,GTAGCTCC,TCTCTCCG
H138,HPL_APR2022,N719,S502,TACTACGC,CTCTCTAT
H141,HPL_APR2022,N719,S503,TACTACGC,TATCCTCT
H144,HPL_APR2022,N719,S505,TACTACGC,GTAAGGAG
H148,HPL_APR2022,N719,S506,TACTACGC,ACTGCATA
H152,HPL_APR2022,N719,S507,TACTACGC,AAGGAGTA
H158,HPL_APR2022,N719,S508,TACTACGC,CTAAGCCT
H187,HPL_APR2022,N719,S510,TACTACGC,CGTCTAAT
C4,HPL_APR2022,N719,S511,TACTACGC,TCTCTCCG
H192,HPL_APR2022,N720,S502,AGGCTCCG,CTCTCTAT
H195,HPL_APR2022,N720,S503,AGGCTCCG,TATCCTCT
H196,HPL_APR2022,N720,S505,AGGCTCCG,GTAAGGAG
H203,HPL_APR2022,N720,S506,AGGCTCCG,ACTGCATA
H205,HPL_APR2022,N720,S507,AGGCTCCG,AAGGAGTA
H206,HPL_APR2022,N720,S508,AGGCTCCG,CTAAGCCT
H207,HPL_APR2022,N720,S510,AGGCTCCG,CGTCTAAT
H208,HPL_APR2022,N720,S511,AGGCTCCG,TCTCTCCG
H209,HPL_APR2022,N701,S513,TCGCCTTA,TCGACTAG
H210,HPL_APR2022,N701,S515,TCGCCTTA,TTCTAGCT
H211,HPL_APR2022,N701,S516,TCGCCTTA,CCTAGAGT
H212,HPL_APR2022,N701,S517,TCGCCTTA,GCGTAAGA
H213,HPL_APR2022,N711,S513,TGCCTCTT,TCGACTAG
H219,HPL_APR2022,N711,S515,TGCCTCTT,TTCTAGCT
H220,HPL_APR2022,N711,S516,TGCCTCTT,CCTAGAGT
H221,HPL_APR2022,N711,S517,TGCCTCTT,GCGTAAGA
H222,HPL_APR2022,N702,S513,CTAGTACG,TCGACTAG
H223,HPL_APR2022,N702,S515,CTAGTACG,TTCTAGCT
H224,HPL_APR2022,N702,S516,CTAGTACG,CCTAGAGT
H225,HPL_APR2022,N702,S517,CTAGTACG,GCGTAAGA
H226,HPL_APR2022,N712,S513,TCCTCTAC,TCGACTAG
H227,HPL_APR2022,N712,S515,TCCTCTAC,TTCTAGCT
H229,HPL_APR2022,N712,S516,TCCTCTAC,CCTAGAGT
C5,HPL_APR2022,N712,S517,TCCTCTAC,GCGTAAGA
H230,HPL_APR2022,N703,S513,TTCTGCCT,TCGACTAG
H236,HPL_APR2022,N703,S515,TTCTGCCT,TTCTAGCT
H237,HPL_APR2022,N703,S516,TTCTGCCT,CCTAGAGT
H242,HPL_APR2022,N703,S517,TTCTGCCT,GCGTAAGA
H255,HPL_APR2022,N714,S513,TCATGAGC,TCGACTAG
H256,HPL_APR2022,N714,S515,TCATGAGC,TTCTAGCT
H259,HPL_APR2022,N714,S516,TCATGAGC,CCTAGAGT
H300,HPL_APR2022,N714,S517,TCATGAGC,GCGTAAGA
H303,HPL_APR2022,N704,S513,GCTCAGGA,TCGACTAG
XA,HPL_APR2022,N704,S515,GCTCAGGA,TTCTAGCT
XB,HPL_APR2022,N704,S516,GCTCAGGA,CCTAGAGT
XC,HPL_APR2022,N704,S517,GCTCAGGA,GCGTAAGA
XD,HPL_APR2022,N715,S513,CCTGAGAT,TCGACTAG
XE,HPL_APR2022,N715,S515,CCTGAGAT,TTCTAGCT
XF,HPL_APR2022,N715,S516,CCTGAGAT,CCTAGAGT
XG,HPL_APR2022,N715,S517,CCTGAGAT,GCGTAAGA
XH,HPL_APR2022,N705,S513,AGGAGTCC,TCGACTAG
XI,HPL_APR2022,N705,S515,AGGAGTCC,TTCTAGCT
XJ,HPL_APR2022,N705,S516,AGGAGTCC,CCTAGAGT
XK,HPL_APR2022,N705,S517,AGGAGTCC,GCGTAAGA
XL,HPL_APR2022,N716,S513,TAGCGAGT,TCGACTAG
XM,HPL_APR2022,N716,S515,TAGCGAGT,TTCTAGCT
C6,HPL_APR2022,N716,S516,TAGCGAGT,CCTAGAGT
H_NC,HPL_APR2022,N716,S517,TAGCGAGT,GCGTAAGA
H_GD,HPL_APR2022,N706,S513,CATGCCTA,TCGACTAG
H_E,HPL_APR2022,N706,S515,CATGCCTA,TTCTAGCT
H_S,HPL_APR2022,N706,S516,CATGCCTA,CCTAGAGT
X1,HPL_APR2022,N701,S502,TCGCCTTA,CTCTCTAT
X2,HPL_APR2022,N701,S503,TCGCCTTA,TATCCTCT
X3,HPL_APR2022,N701,S505,TCGCCTTA,GTAAGGAG
X4,HPL_APR2022,N701,S506,TCGCCTTA,ACTGCATA
X5,HPL_APR2022,N701,S508,TCGCCTTA,CTAAGCCT
X6,HPL_APR2022,N701,S507,TCGCCTTA,AAGGAGTA
X7,HPL_APR2022,N701,S510,TCGCCTTA,CGTCTAAT
X8,HPL_APR2022,N701,S511,TCGCCTTA,TCTCTCCG
X9,HPL_APR2022,N702,S502,CTAGTACG,CTCTCTAT
10,HPL_APR2022,N702,S503,CTAGTACG,TATCCTCT
11,HPL_APR2022,N702,S505,CTAGTACG,GTAAGGAG
12,HPL_APR2022,N702,S506,CTAGTACG,ACTGCATA
13,HPL_APR2022,N702,S507,CTAGTACG,AAGGAGTA
14,HPL_APR2022,N702,S508,CTAGTACG,CTAAGCCT
15,HPL_APR2022,N702,S510,CTAGTACG,CGTCTAAT
16,HPL_APR2022,N702,S511,CTAGTACG,TCTCTCCG
17,HPL_APR2022,N703,S502,TTCTGCCT,CTCTCTAT
18,HPL_APR2022,N703,S503,TTCTGCCT,TATCCTCT
28,HPL_APR2022,N703,S505,TTCTGCCT,GTAAGGAG
29,HPL_APR2022,N703,S506,TTCTGCCT,ACTGCATA
30,HPL_APR2022,N703,S507,TTCTGCCT,AAGGAGTA
31,HPL_APR2022,N703,S508,TTCTGCCT,CTAAGCCT
32,HPL_APR2022,N703,S510,TTCTGCCT,CGTCTAAT
33,HPL_APR2022,N703,S511,TTCTGCCT,TCTCTCCG
34,HPL_APR2022,N704,S502,GCTCAGGA,CTCTCTAT
35,HPL_APR2022,N704,S503,GCTCAGGA,TATCCTCT
36,HPL_APR2022,N704,S505,GCTCAGGA,GTAAGGAG
37,HPL_APR2022,N704,S506,GCTCAGGA,ACTGCATA
38,HPL_APR2022,N704,S507,GCTCAGGA,AAGGAGTA
39,HPL_APR2022,N704,S508,GCTCAGGA,CTAAGCCT
40,HPL_APR2022,N704,S510,GCTCAGGA,CGTCTAAT
41,HPL_APR2022,N704,S511,GCTCAGGA,TCTCTCCG
42,HPL_APR2022,N705,S502,AGGAGTCC,CTCTCTAT
43,HPL_APR2022,N705,S503,AGGAGTCC,TATCCTCT
44,HPL_APR2022,N705,S505,AGGAGTCC,GTAAGGAG
45,HPL_APR2022,N705,S506,AGGAGTCC,ACTGCATA
46,HPL_APR2022,N705,S507,AGGAGTCC,AAGGAGTA
47,HPL_APR2022,N705,S508,AGGAGTCC,CTAAGCCT
48,HPL_APR2022,N705,S510,AGGAGTCC,CGTCTAAT
49,HPL_APR2022,N705,S511,AGGAGTCC,TCTCTCCG
50,HPL_APR2022,N706,S502,CATGCCTA,CTCTCTAT
51,HPL_APR2022,N706,S503,CATGCCTA,TATCCTCT
52,HPL_APR2022,N706,S505,CATGCCTA,GTAAGGAG
53,HPL_APR2022,N706,S506,CATGCCTA,ACTGCATA
54,HPL_APR2022,N706,S507,CATGCCTA,AAGGAGTA
55,HPL_APR2022,N706,S508,CATGCCTA,CTAAGCCT
56,HPL_APR2022,N706,S510,CATGCCTA,CGTCTAAT
57,HPL_APR2022,N706,S511,CATGCCTA,TCTCTCCG
58,HPL_APR2022,N707,S502,GTAGAGAG,CTCTCTAT
59,HPL_APR2022,N707,S503,GTAGAGAG,TATCCTCT
60,HPL_APR2022,N707,S505,GTAGAGAG,GTAAGGAG
61,HPL_APR2022,N707,S506,GTAGAGAG,ACTGCATA
62,HPL_APR2022,N707,S507,GTAGAGAG,AAGGAGTA
63,HPL_APR2022,N707,S508,GTAGAGAG,CTAAGCCT
64,HPL_APR2022,N707,S510,GTAGAGAG,CGTCTAAT
65,HPL_APR2022,N707,S511,GTAGAGAG,TCTCTCCG
66,HPL_APR2022,N710,S502,CAGCCTCG,CTCTCTAT
67,HPL_APR2022,N710,S503,CAGCCTCG,TATCCTCT
68,HPL_APR2022,N710,S505,CAGCCTCG,GTAAGGAG
69,HPL_APR2022,N710,S506,CAGCCTCG,ACTGCATA
70,HPL_APR2022,N710,S507,CAGCCTCG,AAGGAGTA
71,HPL_APR2022,N710,S508,CAGCCTCG,CTAAGCCT
72,HPL_APR2022,N710,S510,CAGCCTCG,CGTCTAAT
73,HPL_APR2022,N710,S511,CAGCCTCG,TCTCTCCG
74,HPL_APR2022,N711,S502,TGCCTCTT,CTCTCTAT
75,HPL_APR2022,N711,S503,TGCCTCTT,TATCCTCT
76,HPL_APR2022,N711,S505,TGCCTCTT,GTAAGGAG
77,HPL_APR2022,N711,S506,TGCCTCTT,ACTGCATA
78,HPL_APR2022,N711,S507,TGCCTCTT,AAGGAGTA
79,HPL_APR2022,N711,S508,TGCCTCTT,CTAAGCCT
80,HPL_APR2022,N711,S510,TGCCTCTT,CGTCTAAT
81,HPL_APR2022,N711,S511,TGCCTCTT,TCTCTCCG
82,HPL_APR2022,N712,S502,TCCTCTAC,CTCTCTAT
83,HPL_APR2022,N712,S503,TCCTCTAC,TATCCTCT
84,HPL_APR2022,N712,S505,TCCTCTAC,GTAAGGAG
C1,HPL_APR2022,N712,S506,TCCTCTAC,ACTGCATA
C2,HPL_APR2022,N712,S507,TCCTCTAC,AAGGAGTA
C3,HPL_APR2022,N712,S508,TCCTCTAC,CTAAGCCT
GEN_DONOR,HPL_APR2022,N712,S510,TCCTCTAC,CGTCTAAT
EVEN,HPL_APR2022,N712,S511,TCCTCTAC,TCTCTCCG
STAGGERED,HPL_APR2022,N714,S502,TCATGAGC,CTCTCTAT
L_NC,HPL_APR2022,N714,S503,TCATGAGC,TATCCTCT
C_5P1B_500,HPL_APR2022,N714,S511,TCATGAGC,TCTCTCCG
C_5P1B_180,HPL_APR2022,N715,S502,CCTGAGAT,CTCTCTAT
C_5P1B_53,HPL_APR2022,N715,S503,CCTGAGAT,TATCCTCT
C_5P1B_20,HPL_APR2022,N715,S505,CCTGAGAT,GTAAGGAG
C_5P1B_5,HPL_APR2022,N715,S506,CCTGAGAT,ACTGCATA
C_5P1B_1P2,HPL_APR2022,N715,S507,CCTGAGAT,AAGGAGTA
C_5P1B_0P2,HPL_APR2022,N715,S508,CCTGAGAT,CTAAGCCT
D5_ASA,HPL_APR2022,N715,S510,CCTGAGAT,CGTCTAAT
D8_ASA,HPL_APR2022,N715,S511,CCTGAGAT,TCTCTCCG
